Symbol,Security,GICS Sector,GICS Sub Industry,Market cap
MMM,3M Company,Industrials,Industrial Conglomerates,79773941760
ABT,Abbott Laboratories,Health Care,Health Care Equipment,159001935872
ABBV,AbbVie Inc.,Health Care,Pharmaceuticals,159861850112
ABMD,ABIOMED Inc,Health Care,Health Care Equipment,8323008512
ACN,Accenture plc,Information Technology,IT Consulting & Other Services,117302018048
ATVI,Activision Blizzard,Communication Services,Interactive Home Entertainment,56954249216
ADBE,Adobe Inc.,Information Technology,Application Software,176001892352
AMD,Advanced Micro Devices Inc,Information Technology,Semiconductors,63478501376
AAP,Advance Auto Parts,Consumer Discretionary,Automotive Retail,8709423104
AES,AES Corp,Utilities,Independent Power Producers & Energy Traders,7812657152
AFL,AFLAC Inc,Financials,Life & Health Insurance,23670589440
A,Agilent Technologies Inc,Health Care,Health Care Equipment,25264424960
APD,Air Products & Chemicals Inc,Materials,Industrial Gases,50363772928
AKAM,Akamai Technologies Inc,Information Technology,Internet Services & Infrastructure,15917456384
ALK,Alaska Air Group Inc,Industrials,Airlines,3141853440
ALB,Albemarle Corp,Materials,Specialty Chemicals,6522670592
ARE,Alexandria Real Estate Equities,Real Estate,Office REITs,17847758848
ALXN,Alexion Pharmaceuticals,Health Care,Biotechnology,22511106048
ALGN,Align Technology,Health Care,Health Care Supplies,16041660416
ALLE,Allegion,Industrials,Building Products,8570945536
ADS,Alliance Data Systems,Information Technology,Data Processing & Outsourced Services,1818436992
LNT,Alliant Energy Corp,Utilities,Electric Utilities,11464709120
ALL,Allstate Corp,Financials,Property & Casualty Insurance,29960382464
GOOGL,Alphabet Inc Class A,Communication Services,Interactive Media & Services,937029730304
GOOG,Alphabet Inc Class C,Communication Services,Interactive Media & Services,937623683072
MO,Altria Group Inc,Consumer Staples,Tobacco,67997761536
AMZN,Amazon.com Inc.,Consumer Discretionary,Internet & Direct Marketing Retail,1201940463616
AMCR,Amcor plc,Materials,Paper Packaging,14327403520
AEE,Ameren Corp,Utilities,Multi-Utilities,16976226304
AAL,American Airlines Group,Industrials,Airlines,3822961920
AEP,American Electric Power,Utilities,Electric Utilities,38868574208
AXP,American Express Co,Financials,Consumer Finance,66184802304
AIG,American International Group,Financials,Property & Casualty Insurance,22798372864
AMT,American Tower Corp.,Real Estate,Specialized REITs,101774188544
AWK,American Water Works Company Inc,Utilities,Water Utilities,21317269504
AMP,Ameriprise Financial,Financials,Asset Management & Custody Banks,14922668032
ABC,AmerisourceBergen Corp,Health Care,Health Care Distributors,17441808384
AME,AMETEK Inc.,Industrials,Electrical Components & Equipment,18260492288
AMGN,Amgen Inc.,Health Care,Biotechnology,141296926720
APH,Amphenol Corp,Information Technology,Electronic Components,24355035136
ADI,"Analog Devices, Inc.",Information Technology,Semiconductors,37484797952
ANSS,ANSYS,Information Technology,Application Software,21735239680
ANTM,Anthem,Health Care,Managed Health Care,70110937088
AON,Aon plc,Financials,Insurance Brokers,44292059136
AOS,A.O. Smith Corp,Industrials,Building Products,6511667200
APA,Apache Corporation,Energy,Oil & Gas Exploration & Production,4004489472
AIV,Apartment Investment & Management,Real Estate,Residential REITs,5003319296
AAPL,Apple Inc.,Information Technology,"Technology Hardware, Storage & Peripherals",1333716582400
AMAT,Applied Materials Inc.,Information Technology,Semiconductor Equipment,47788593152
APTV,Aptiv PLC,Consumer Discretionary,Auto Parts & Equipment,16329905152
ADM,Archer-Daniels-Midland Co,Consumer Staples,Agricultural Products,18953523200
ANET,Arista Networks,Information Technology,Communications Equipment,15932010496
AJG,Arthur J. Gallagher & Co.,Financials,Insurance Brokers,16540640256
AIZ,Assurant,Financials,Multi-line Insurance,5434920960
T,AT&T Inc.,Communication Services,Integrated Telecommunication Services,201708748800
ATO,Atmos Energy,Utilities,Gas Utilities,11633094656
ADSK,Autodesk Inc.,Information Technology,Application Software,39610933248
ADP,Automatic Data Processing,Information Technology,Internet Services & Infrastructure,57955028992
AZO,AutoZone Inc,Consumer Discretionary,Specialty Stores,25103362048
AVB,"AvalonBay Communities, Inc.",Real Estate,Residential REITs,21158907904
AVY,Avery Dennison Corp,Materials,Paper Packaging,8374003712
BKR,Baker Hughes Co,Energy,Oil & Gas Equipment & Services,14206650368
BLL,Ball Corp,Materials,Metal & Glass Containers,20287102976
BAC,Bank of America Corp,Financials,Diversified Banks,186005078016
BK,The Bank of New York Mellon Corp.,Financials,Asset Management & Custody Banks,28387303424
BAX,Baxter International Inc.,Health Care,Health Care Equipment,44350148608
BDX,Becton Dickinson,Health Care,Health Care Equipment,73052725248
BRK-B,Berkshire Hathaway,Financials,Multi-Sector Holdings,412215508992
BBY,Best Buy Co. Inc.,Consumer Discretionary,Computer & Electronics Retail,20242311168
BIIB,Biogen Inc.,Health Care,Biotechnology,51665006592
BLK,BlackRock,Financials,Asset Management & Custody Banks,79679012864
BA,Boeing Company,Industrials,Aerospace & Defense,67719000064
BKNG,Booking Holdings Inc,Consumer Discretionary,Internet & Direct Marketing Retail,56661057536
BWA,BorgWarner,Consumer Discretionary,Auto Parts & Equipment,5756998656
BXP,Boston Properties,Real Estate,Office REITs,11644905472
BSX,Boston Scientific,Health Care,Health Care Equipment,48739364864
BMY,Bristol-Myers Squibb,Health Care,Health Care Distributors,145015799808
AVGO,Broadcom Inc.,Information Technology,Semiconductors,104109580288
BR,Broadridge Financial Solutions,Information Technology,Data Processing & Outsourced Services,13267104768
BF-B,Brown-Forman Corp.,Consumer Staples,Distillers & Vintners,30747543552
CHRW,C. H. Robinson Worldwide,Industrials,Air Freight & Logistics,9759224832
COG,Cabot Oil & Gas,Energy,Oil & Gas Exploration & Production,7274012160
CDNS,Cadence Design Systems,Information Technology,Application Software,22912878592
CPB,Campbell Soup,Consumer Staples,Packaged Foods & Meats,16152409088
COF,Capital One Financial,Financials,Consumer Finance,26421639168
CAH,Cardinal Health Inc.,Health Care,Health Care Distributors,14292714496
KMX,Carmax Inc,Consumer Discretionary,Specialty Stores,12323942400
CCL,Carnival Corp.,Consumer Discretionary,"Hotels, Resorts & Cruise Lines",9996899328
CARR,Carrier Global,Industrials,Building Products,14473516032
CAT,Caterpillar Inc.,Industrials,Construction Machinery & Heavy Trucks,58410508288
CBOE,Cboe Global Markets,Financials,Financial Exchanges & Data,10952250368
CBRE,CBRE Group,Real Estate,Real Estate Services,12062661632
CDW,CDW,Information Technology,Technology Distributors,13920122880
CE,Celanese,Materials,Specialty Chemicals,9064616960
CNC,Centene Corporation,Health Care,Managed Health Care,39786164224
CNP,CenterPoint Energy,Utilities,Multi-Utilities,8444637184
CTL,CenturyLink Inc,Communication Services,Alternative Carriers,10173826048
CERN,Cerner,Health Care,Health Care Technology,19816163328
CF,CF Industries Holdings Inc,Materials,Fertilizers & Agricultural Chemicals,5306441216
SCHW,Charles Schwab Corporation,Financials,Investment Banking & Brokerage,41918074880
CHTR,Charter Communications,Communication Services,Cable & Satellite,103928897536
CVX,Chevron Corp.,Energy,Integrated Oil & Gas,166459932672
CMG,Chipotle Mexican Grill,Consumer Discretionary,Restaurants,27102787584
CB,Chubb Limited,Financials,Property & Casualty Insurance,44905504768
CHD,Church & Dwight,Consumer Staples,Household Products,18097723392
CI,CIGNA Corp.,Health Care,Managed Health Care,70161735680
CINF,Cincinnati Financial,Financials,Property & Casualty Insurance,7919498752
CTAS,Cintas Corporation,Industrials,Diversified Support Services,23663050752
CSCO,Cisco Systems,Information Technology,Communications Equipment,187743764480
C,Citigroup Inc.,Financials,Diversified Banks,87269474304
CFG,Citizens Financial Group,Financials,Regional Banks,8498250752
CTXS,Citrix Systems,Information Technology,Application Software,18112731136
CLX,The Clorox Company,Consumer Staples,Household Products,26424731648
CME,CME Group Inc.,Financials,Financial Exchanges & Data,64929529856
CMS,CMS Energy,Utilities,Multi-Utilities,15364342784
KO,Coca-Cola Company,Consumer Staples,Soft Drinks,185796935680
CTSH,Cognizant Technology Solutions,Information Technology,IT Consulting & Other Services,27126302720
CL,Colgate-Palmolive,Consumer Staples,Household Products,59057602560
CMCSA,Comcast Corp.,Communication Services,Cable & Satellite,163944611840
CMA,Comerica Inc.,Financials,Diversified Banks,4176611840
CAG,Conagra Brands,Consumer Staples,Packaged Foods & Meats,16643386368
CXO,Concho Resources,Energy,Oil & Gas Exploration & Production,10673050624
COP,ConocoPhillips,Energy,Oil & Gas Exploration & Production,43830214656
ED,Consolidated Edison,Utilities,Electric Utilities,23507417088
STZ,Constellation Brands,Consumer Staples,Distillers & Vintners,30683981824
COO,The Cooper Companies,Health Care,Health Care Supplies,15813529600
CPRT,Copart Inc,Industrials,Diversified Support Services,18588895232
GLW,Corning Inc.,Information Technology,Electronic Components,14952627200
CTVA,Corteva,Materials,Fertilizers & Agricultural Chemicals,17040385024
COST,Costco Wholesale Corp.,Consumer Staples,Hypermarkets & Super Centers,132125147136
COTY,"Coty, Inc",Consumer Staples,Personal Products,2510575872
CCI,Crown Castle International Corp.,Real Estate,Specialized REITs,62570995712
CSX,CSX Corp.,Industrials,Railroads,47458889728
CMI,Cummins Inc.,Industrials,Industrial Machinery,22960947200
CVS,CVS Health,Health Care,Health Care Services,82595020800
DHI,D. R. Horton,Consumer Discretionary,Homebuilding,17162628096
DHR,Danaher Corp.,Health Care,Health Care Equipment,115845234688
DRI,Darden Restaurants,Consumer Discretionary,Restaurants,9036979200
DVA,DaVita Inc.,Health Care,Health Care Facilities,9652649984
DE,Deere & Co.,Industrials,Agricultural & Farm Machinery,39519256576
DAL,Delta Air Lines Inc.,Industrials,Airlines,12239881216
XRAY,Dentsply Sirona,Health Care,Health Care Supplies,8261506560
DVN,Devon Energy,Energy,Oil & Gas Exploration & Production,4573264896
DXCM,DexCom,Health Care,Health Care Equipment,38575235072
FANG,Diamondback Energy,Energy,Oil & Gas Exploration & Production,6120104448
DLR,Digital Realty Trust Inc,Real Estate,Specialized REITs,35087290368
DFS,Discover Financial Services,Financials,Consumer Finance,11639437312
DISCA,Discovery Inc. Class A,Communication Services,Broadcasting,9797085184
DISCK,Discovery Inc. Class C,Communication Services,Broadcasting,9944833024
DISH,Dish Network,Communication Services,Cable & Satellite,12951944192
DG,Dollar General,Consumer Discretionary,General Merchandise Stores,45780762624
DLTR,Dollar Tree,Consumer Discretionary,General Merchandise Stores,17808930816
D,Dominion Energy,Utilities,Electric Utilities,65646215168
DPZ,Domino's Pizza,Consumer Discretionary,Restaurants,14709895168
DOV,Dover Corporation,Industrials,Industrial Machinery,12226859008
DOW,Dow Inc.,Materials,Commodity Chemicals,24858933248
DTE,DTE Energy Co.,Utilities,Multi-Utilities,18750777344
DUK,Duke Energy,Utilities,Electric Utilities,59662716928
DRE,Duke Realty Corp,Real Estate,Industrial REITs,11356014592
DD,DuPont de Nemours Inc,Materials,Specialty Chemicals,33351073792
DXC,DXC Technology,Information Technology,IT Consulting & Other Services,3876856576
ETFC,E*Trade,Financials,Investment Banking & Brokerage,8472693760
EMN,Eastman Chemical,Materials,Diversified Chemicals,8149563392
ETN,Eaton Corporation,Industrials,Electrical Components & Equipment,29483999232
EBAY,eBay Inc.,Consumer Discretionary,Internet & Direct Marketing Retail,29512919040
ECL,Ecolab Inc.,Materials,Specialty Chemicals,56322084864
EIX,Edison Int'l,Utilities,Electric Utilities,20352372736
EW,Edwards Lifesciences,Health Care,Health Care Equipment,45147521024
EA,Electronic Arts,Communication Services,Interactive Home Entertainment,34219186176
EMR,Emerson Electric Company,Industrials,Electrical Components & Equipment,31630325760
ETR,Entergy Corp.,Utilities,Electric Utilities,19011387392
EOG,EOG Resources,Energy,Oil & Gas Exploration & Production,27751954432
EFX,Equifax Inc.,Industrials,Research & Consulting Services,17530421248
EQIX,Equinix,Real Estate,Specialized REITs,56596676608
EQR,Equity Residential,Real Estate,Residential REITs,21259558912
ESS,"Essex Property Trust, Inc.",Real Estate,Residential REITs,14820312064
EL,Est√©e Lauder Companies,Consumer Staples,Personal Products,60987432960
EVRG,Evergy,Utilities,Electric Utilities,12819879936
ES,Eversource Energy,Utilities,Multi-Utilities,25700880384
RE,Everest Re Group Ltd.,Financials,Reinsurance,6755403776
EXC,Exelon Corp.,Utilities,Multi-Utilities,34386857984
EXPE,Expedia Group,Consumer Discretionary,Internet & Direct Marketing Retail,9411958784
EXPD,Expeditors,Industrials,Air Freight & Logistics,11901123584
EXR,Extra Space Storage,Real Estate,Specialized REITs,10560607232
XOM,Exxon Mobil Corp.,Energy,Integrated Oil & Gas,177678057472
FFIV,F5 Networks,Information Technology,Communications Equipment,8448171008
FB,"Facebook, Inc.",Communication Services,Interactive Media & Services,600818253824
FAST,Fastenal Co,Industrials,Building Products,22294114304
FRT,Federal Realty Investment Trust,Real Estate,Retail REITs,5447088640
FDX,FedEx Corporation,Industrials,Air Freight & Logistics,28089600000
FIS,Fidelity National Information Services,Information Technology,Data Processing & Outsourced Services,81690009600
FITB,Fifth Third Bancorp,Financials,Regional Banks,11476022272
FE,FirstEnergy Corp,Utilities,Electric Utilities,21285515264
FRC,First Republic Bank,Financials,Regional Banks,16445591552
FISV,Fiserv Inc,Information Technology,Data Processing & Outsourced Services,66961788928
FLT,FleetCor Technologies Inc,Information Technology,Data Processing & Outsourced Services,18649341952
FLIR,FLIR Systems,Information Technology,Electronic Equipment & Instruments,5787795968
FLS,Flowserve Corporation,Industrials,Industrial Machinery,2920027392
FMC,FMC Corporation,Materials,Fertilizers & Agricultural Chemicals,11393924096
F,Ford Motor Company,Consumer Discretionary,Automobile Manufacturers,19487496192
FTNT,Fortinet,Information Technology,Systems Software,23185313792
FTV,Fortive Corp,Industrials,Industrial Machinery,18611294208
FBHS,Fortune Brands Home & Security,Industrials,Building Products,7388442112
FOXA,Fox Corporation Class A,Communication Services,Movies & Entertainment,15561336832
FOX,Fox Corporation Class B,Communication Services,Movies & Entertainment,15620968448
BEN,Franklin Resources,Financials,Asset Management & Custody Banks,8796634112
FCX,Freeport-McMoRan Inc.,Materials,Copper,12312705024
GPS,Gap Inc.,Consumer Discretionary,Apparel Retail,2832056320
GRMN,Garmin Ltd.,Consumer Discretionary,Consumer Electronics,14905134080
IT,Gartner Inc,Information Technology,IT Consulting & Other Services,9945699328
GD,General Dynamics,Industrials,Aerospace & Defense,37556363264
GE,General Electric,Industrials,Industrial Conglomerates,48021520384
GIS,General Mills,Consumer Staples,Packaged Foods & Meats,37877628928
GM,General Motors,Consumer Discretionary,Automobile Manufacturers,32385337344
GPC,Genuine Parts,Consumer Discretionary,Specialty Stores,10548291584
GILD,Gilead Sciences,Health Care,Biotechnology,95658262528
GL,Globe Life Inc.,Financials,Life & Health Insurance,7318676992
GPN,Global Payments Inc.,Information Technology,Data Processing & Outsourced Services,50809131008
GS,Goldman Sachs Group,Financials,Investment Banking & Brokerage,59103858688
GWW,Grainger (W.W.) Inc.,Industrials,Industrial Machinery,14906316800
HRB,H&R Block,Consumer Discretionary,Specialized Consumer Services,3008384512
HAL,Halliburton Co.,Energy,Oil & Gas Equipment & Services,8614870016
HBI,Hanesbrands Inc,Consumer Discretionary,"Apparel, Accessories & Luxury Goods",2965258496
HOG,Harley-Davidson,Consumer Discretionary,Motorcycle Manufacturers,3011380992
HIG,Hartford Financial Svc.Gp.,Financials,Property & Casualty Insurance,11905993728
HAS,Hasbro Inc.,Consumer Discretionary,Leisure Products,8878313472
HCA,HCA Healthcare,Health Care,Health Care Facilities,33336500224
PEAK,Healthpeak Properties,Real Estate,Health Care REITs,11809644544
HP,Helmerich & Payne,Energy,Oil & Gas Drilling,1885185792
HSIC,Henry Schein,Health Care,Health Care Distributors,7389050368
HSY,The Hershey Company,Consumer Staples,Packaged Foods & Meats,27120345088
HES,Hess Corporation,Energy,Integrated Oil & Gas,13535836160
HPE,Hewlett Packard Enterprise,Information Technology,"Technology Hardware, Storage & Peripherals",11736776704
HLT,Hilton Worldwide Holdings Inc,Consumer Discretionary,"Hotels, Resorts & Cruise Lines",19003467776
HFC,HollyFrontier Corp,Energy,Oil & Gas Refining & Marketing,4349876736
HOLX,Hologic,Health Care,Health Care Equipment,13408637952
HD,Home Depot,Consumer Discretionary,Home Improvement Retail,257069121536
HON,Honeywell Int'l Inc.,Industrials,Industrial Conglomerates,88018763776
HRL,Hormel Foods Corp.,Consumer Staples,Packaged Foods & Meats,25770225664
HST,Host Hotels & Resorts,Real Estate,Hotel & Resort REITs,7091887616
HWM,Howmet Aerospace,Industrials,Aerospace & Defense,4696829440
HPQ,HP Inc.,Information Technology,"Technology Hardware, Storage & Peripherals",21246232576
HUM,Humana Inc.,Health Care,Managed Health Care,52647071744
HBAN,Huntington Bancshares,Financials,Regional Banks,7611721216
HII,Huntington Ingalls Industries,Industrials,Aerospace & Defense,6902487040
IEX,IDEX Corporation,Industrials,Industrial Machinery,11189665792
IDXX,IDEXX Laboratories,Health Care,Health Care Equipment,25002577920
INFO,IHS Markit Ltd.,Industrials,Research & Consulting Services,26527913984
ITW,Illinois Tool Works,Industrials,Industrial Machinery,49184292864
ILMN,Illumina Inc,Health Care,Life Sciences Tools & Services,49244999680
INCY,Incyte,Health Care,Biotechnology,20893892608
IR,Ingersoll Rand,Industrials,Industrial Machinery,11005541376
INTC,Intel Corp.,Information Technology,Semiconductors,246757507072
ICE,Intercontinental Exchange,Financials,Financial Exchanges & Data,51148840960
IBM,International Business Machines,Information Technology,IT Consulting & Other Services,103865606144
IP,International Paper,Materials,Paper Packaging,12203922432
IPG,Interpublic Group,Communication Services,Advertising,5988367360
IFF,Intl Flavors & Fragrances,Materials,Specialty Chemicals,13700434944
INTU,Intuit Inc.,Information Technology,Application Software,74130522112
ISRG,Intuitive Surgical Inc.,Health Care,Health Care Equipment,60689170432
IVZ,Invesco Ltd.,Financials,Asset Management & Custody Banks,3074603008
IPGP,IPG Photonics Corp.,Information Technology,Electronic Manufacturing Services,7751574016
IQV,IQVIA Holdings Inc.,Health Care,Life Sciences Tools & Services,25627367424
IRM,Iron Mountain Incorporated,Real Estate,Specialized REITs,6454337024
JKHY,Jack Henry & Associates,Information Technology,Data Processing & Outsourced Services,14540835840
J,Jacobs Engineering Group,Industrials,Construction & Engineering,9393436672
JBHT,J. B. Hunt Transport Services,Industrials,Trucking,10349942784
SJM,JM Smucker,Consumer Staples,Packaged Foods & Meats,13083580416
JNJ,Johnson & Johnson,Health Care,Pharmaceuticals,396612501504
JCI,Johnson Controls International,Industrials,Building Products,21170313216
JPM,JPMorgan Chase & Co.,Financials,Diversified Banks,261739020288
JNPR,Juniper Networks,Information Technology,Communications Equipment,7604528640
KSU,Kansas City Southern,Industrials,Railroads,12718454784
K,Kellogg Co.,Consumer Staples,Packaged Foods & Meats,21954867200
KEY,KeyCorp,Financials,Regional Banks,9480946688
KEYS,Keysight Technologies,Information Technology,Electronic Equipment & Instruments,17761298432
KMB,Kimberly-Clark,Consumer Staples,Household Products,47213436928
KIM,Kimco Realty,Real Estate,Retail REITs,3957603584
KMI,Kinder Morgan,Energy,Oil & Gas Storage & Transportation,33560510464
KLAC,KLA Corporation,Information Technology,Semiconductor Equipment,25959852032
KSS,Kohl's Corp.,Consumer Discretionary,General Merchandise Stores,2723014912
KHC,Kraft Heinz Co,Consumer Staples,Packaged Foods & Meats,35677437952
KR,Kroger Co.,Consumer Staples,Food Retail,25558972416
LB,L Brands Inc.,Consumer Discretionary,Apparel Retail,3003148288
LHX,L3Harris Technologies,Industrials,Aerospace & Defense,38161498112
LH,Laboratory Corp. of America Holding,Health Care,Health Care Services,16274195456
LRCX,Lam Research,Information Technology,Semiconductor Equipment,36557598720
LW,Lamb Weston Holdings Inc,Consumer Staples,Packaged Foods & Meats,7607172096
LVS,Las Vegas Sands,Consumer Discretionary,Casinos & Gaming,34184552448
LEG,Leggett & Platt,Consumer Discretionary,Home Furnishings,3519890944
LDOS,Leidos Holdings,Information Technology,IT Consulting & Other Services,13752699904
LEN,Lennar Corp.,Consumer Discretionary,Homebuilding,15345692672
LLY,Lilly (Eli) & Co.,Health Care,Pharmaceuticals,152295522304
LNC,Lincoln National,Financials,Multi-line Insurance,6328086016
LIN,Linde plc,Materials,Industrial Gases,95893528576
LYV,Live Nation Entertainment,Communication Services,Movies & Entertainment,8623315968
LKQ,LKQ Corporation,Consumer Discretionary,Distributors,7173644800
LMT,Lockheed Martin Corp.,Industrials,Aerospace & Defense,101068775424
L,Loews Corp.,Financials,Multi-line Insurance,8389428736
LOW,Lowe's Cos.,Consumer Discretionary,Home Improvement Retail,85898092544
LYB,LyondellBasell,Materials,Specialty Chemicals,17881923584
MTB,M&T Bank Corp.,Financials,Regional Banks,11431690240
MRO,Marathon Oil Corp.,Energy,Oil & Gas Exploration & Production,4433650176
MPC,Marathon Petroleum,Energy,Oil & Gas Refining & Marketing,19702906880
MKTX,MarketAxess,Financials,Financial Exchanges & Data,18502072320
MAR,Marriott Int'l.,Consumer Discretionary,"Hotels, Resorts & Cruise Lines",25862660096
MMC,Marsh & McLennan,Financials,Insurance Brokers,52909682688
MLM,Martin Marietta Materials,Materials,Construction Materials,10460912640
MAS,Masco Corp.,Industrials,Building Products,11267614720
MA,Mastercard Inc.,Information Technology,Data Processing & Outsourced Services,279983259648
MKC,McCormick & Co.,Consumer Staples,Packaged Foods & Meats,23644286976
MXIM,Maxim Integrated Products Inc,Information Technology,Semiconductors,13880497152
MCD,McDonald's Corp.,Consumer Discretionary,Restaurants,129237458944
MCK,McKesson Corp.,Health Care,Health Care Distributors,22037219328
MDT,Medtronic plc,Health Care,Health Care Equipment,125828562944
MRK,Merck & Co.,Health Care,Pharmaceuticals,201372696576
MET,MetLife Inc.,Financials,Life & Health Insurance,28788721664
MTD,Mettler Toledo,Health Care,Life Sciences Tools & Services,16704171008
MGM,MGM Resorts International,Consumer Discretionary,Casinos & Gaming,6831069184
MCHP,Microchip Technology,Information Technology,Semiconductors,20444352512
MU,Micron Technology,Information Technology,Semiconductors,49392357376
MSFT,Microsoft Corp.,Information Technology,Systems Software,1388982829056
MAA,Mid-America Apartments,Real Estate,Residential REITs,12220691456
MHK,Mohawk Industries,Consumer Discretionary,Home Furnishings,5451309056
TAP,Molson Coors Brewing Company,Consumer Staples,Brewers,7942692864
MDLZ,Mondelez International,Consumer Staples,Packaged Foods & Meats,71315898368
MNST,Monster Beverage,Consumer Staples,Soft Drinks,34758492160
MCO,Moody's Corp,Financials,Financial Exchanges & Data,47120625664
MS,Morgan Stanley,Financials,Investment Banking & Brokerage,58756362240
MOS,The Mosaic Company,Materials,Fertilizers & Agricultural Chemicals,3820521472
MSI,Motorola Solutions Inc.,Information Technology,Communications Equipment,21950550016
MSCI,MSCI Inc,Financials,Financial Exchanges & Data,28524523520
MYL,Mylan N.V.,Health Care,Pharmaceuticals,7836871168
NDAQ,"Nasdaq, Inc.",Financials,Financial Exchanges & Data,18389078016
NOV,National Oilwell Varco Inc.,Energy,Oil & Gas Equipment & Services,4472329216
NTAP,NetApp,Information Technology,"Technology Hardware, Storage & Peripherals",9373480960
NFLX,Netflix Inc.,Communication Services,Movies & Entertainment,199754579968
NWL,Newell Brands,Consumer Discretionary,Housewares & Specialties,4961969664
NEM,Newmont Corporation,Materials,Gold,54495522816
NWSA,News Corp. Class A,Communication Services,Publishing,6451453952
NWS,News Corp. Class B,Communication Services,Publishing,6374151680
NEE,NextEra Energy,Utilities,Multi-Utilities,111521185792
NLSN,Nielsen Holdings,Industrials,Research & Consulting Services,4530809856
NKE,Nike,Consumer Discretionary,"Apparel, Accessories & Luxury Goods",135272054784
NI,NiSource Inc.,Utilities,Multi-Utilities,8563214336
NBL,Noble Energy Inc,Energy,Oil & Gas Exploration & Production,4158990336
JWN,Nordstrom,Consumer Discretionary,Department Stores,2559384064
NSC,Norfolk Southern Corp.,Industrials,Railroads,41080864768
NTRS,Northern Trust Corp.,Financials,Asset Management & Custody Banks,14798738432
NOC,Northrop Grumman,Industrials,Aerospace & Defense,53616689152
NLOK,NortonLifeLock,Information Technology,Application Software,12022689792
NCLH,Norwegian Cruise Line Holdings,Consumer Discretionary,"Hotels, Resorts & Cruise Lines",2799265792
NRG,NRG Energy,Utilities,Independent Power Producers & Energy Traders,7957236224
NUE,Nucor Corp.,Materials,Steel,11464209408
NVDA,Nvidia Corporation,Information Technology,Semiconductors,208918298624
NVR,NVR Inc,Consumer Discretionary,Homebuilding,10288112640
ORLY,O'Reilly Automotive,Consumer Discretionary,Specialty Stores,30218725376
OXY,Occidental Petroleum,Energy,Oil & Gas Exploration & Production,12669857792
ODFL,Old Dominion Freight Line,Industrials,Trucking,17580148736
OMC,Omnicom Group,Communication Services,Advertising,10907004928
OKE,ONEOK,Energy,Oil & Gas Storage & Transportation,13406447616
ORCL,Oracle Corp.,Information Technology,Application Software,166887456768
OTIS,Otis Worldwide,Industrials,Industrial Machinery,21173231616
PCAR,PACCAR Inc.,Industrials,Construction Machinery & Heavy Trucks,23104935936
PKG,Packaging Corporation of America,Materials,Paper Packaging,8623107072
PH,Parker-Hannifin,Industrials,Industrial Machinery,19654383616
PAYX,Paychex Inc.,Information Technology,Data Processing & Outsourced Services,22753292288
PAYC,Paycom,Information Technology,Application Software,15325576192
PYPL,PayPal,Information Technology,Data Processing & Outsourced Services,170825826304
PNR,Pentair plc,Industrials,Industrial Machinery,5550130176
PBCT,People's United Financial,Financials,Thrifts & Mortgage Finance,4535347200
PEP,PepsiCo Inc.,Consumer Staples,Soft Drinks,189568679936
PKI,PerkinElmer,Health Care,Health Care Equipment,10343304192
PRGO,Perrigo,Health Care,Pharmaceuticals,7191873024
PFE,Pfizer Inc.,Health Care,Pharmaceuticals,209750360064
PM,Philip Morris International,Consumer Staples,Tobacco,105542270976
PSX,Phillips 66,Energy,Oil & Gas Refining & Marketing,30973358080
PNW,Pinnacle West Capital,Utilities,Multi-Utilities,8034249728
PXD,Pioneer Natural Resources,Energy,Oil & Gas Exploration & Production,13660549120
PNC,PNC Financial Services,Financials,Regional Banks,41259286528
PPG,PPG Industries,Materials,Specialty Chemicals,20506427392
PPL,PPL Corp.,Utilities,Electric Utilities,18842406912
PFG,Principal Financial Group,Financials,Life & Health Insurance,9270431744
PG,Procter & Gamble,Consumer Staples,Personal Products,283733098496
PGR,Progressive Corp.,Financials,Property & Casualty Insurance,44605558784
PLD,Prologis,Real Estate,Industrial REITs,61509107712
PRU,Prudential Financial,Financials,Life & Health Insurance,20907350016
PEG,Public Serv. Enterprise Inc.,Utilities,Electric Utilities,22985711616
PSA,Public Storage,Real Estate,Specialized REITs,30758322176
PHM,PulteGroup,Consumer Discretionary,Homebuilding,7433090048
PVH,PVH Corp.,Consumer Discretionary,"Apparel, Accessories & Luxury Goods",2852380928
QRVO,Qorvo,Information Technology,Semiconductors,10956526592
PWR,Quanta Services Inc.,Industrials,Construction & Engineering,4313857024
QCOM,QUALCOMM Inc.,Information Technology,Semiconductors,85235949568
DGX,Quest Diagnostics,Health Care,Health Care Services,14854950912
RL,Ralph Lauren Corporation,Consumer Discretionary,"Apparel, Accessories & Luxury Goods",4821323776
RJF,Raymond James Financial Inc.,Financials,Investment Banking & Brokerage,8364372992
RTX,Raytheon Technologies,Industrials,Aerospace & Defense,79894388736
O,Realty Income Corporation,Real Estate,Retail REITs,17167366144
REG,Regency Centers Corporation,Real Estate,Retail REITs,6244043264
REGN,Regeneron Pharmaceuticals,Health Care,Biotechnology,64893685760
RF,Regions Financial Corp.,Financials,Regional Banks,8819459072
RSG,Republic Services Inc,Industrials,Environmental & Facilities Services,25296254976
RMD,ResMed,Health Care,Health Care Equipment,23742910464
RHI,Robert Half International,Industrials,Human Resource & Employment Services,5173134336
ROK,Rockwell Automation Inc.,Industrials,Electrical Components & Equipment,22918094848
ROL,Rollins Inc.,Industrials,Environmental & Facilities Services,13110680576
ROP,Roper Technologies,Industrials,Industrial Conglomerates,37739515904
ROST,Ross Stores,Consumer Discretionary,Apparel Retail,30318065664
RCL,Royal Caribbean Cruises Ltd,Consumer Discretionary,"Hotels, Resorts & Cruise Lines",7831431680
SPGI,"S&P Global, Inc.",Financials,Financial Exchanges & Data,73026428928
CRM,Salesforce.com,Information Technology,Application Software,154005962752
SBAC,SBA Communications,Real Estate,Specialized REITs,31712663552
SLB,Schlumberger Ltd.,Energy,Oil & Gas Equipment & Services,22135570432
STX,Seagate Technology,Information Technology,"Technology Hardware, Storage & Peripherals",12258975744
SEE,Sealed Air,Materials,Paper Packaging,4476868096
SRE,Sempra Energy,Utilities,Multi-Utilities,34869932032
NOW,ServiceNow,Information Technology,Systems Software,70648201216
SHW,Sherwin-Williams,Materials,Specialty Chemicals,51608903680
SPG,Simon Property Group Inc,Real Estate,Retail REITs,15691346944
SWKS,Skyworks Solutions,Information Technology,Semiconductors,17721319424
SLG,SL Green Realty,Real Estate,Office REITs,2906170624
SNA,Snap-on,Industrials,Industrial Machinery,6682848768
SO,Southern Company,Utilities,Electric Utilities,55480139776
LUV,Southwest Airlines,Industrials,Airlines,14068643840
SWK,Stanley Black & Decker,Industrials,Industrial Machinery,16621056000
SBUX,Starbucks Corp.,Consumer Discretionary,Restaurants,86641131520
STT,State Street Corp.,Financials,Asset Management & Custody Banks,19149926400
STE,STERIS plc,Health Care,Health Care Equipment,12833920000
SYK,Stryker Corp.,Health Care,Health Care Equipment,67669389312
SIVB,SVB Financial,Financials,Regional Banks,8900965376
SYF,Synchrony Financial,Financials,Consumer Finance,9654531072
SNPS,Synopsys Inc.,Information Technology,Application Software,23845531648
SYY,Sysco Corp.,Consumer Staples,Food Distributors,24172767232
TMUS,T-Mobile US,Communication Services,Wireless Telecommunication Services,120264163328
TROW,T. Rowe Price Group,Financials,Asset Management & Custody Banks,25829087232
TTWO,Take-Two Interactive,Communication Services,Interactive Home Entertainment,15033216000
TPR,"Tapestry, Inc.",Consumer Discretionary,"Apparel, Accessories & Luxury Goods",3368395264
TGT,Target Corp.,Consumer Discretionary,General Merchandise Stores,60449320960
TEL,TE Connectivity Ltd.,Information Technology,Electronic Manufacturing Services,23102554112
FTI,TechnipFMC,Energy,Oil & Gas Equipment & Services,2879597056
TFX,Teleflex,Health Care,Health Care Equipment,15584542720
TXN,Texas Instruments,Information Technology,Semiconductors,99339747328
TXT,Textron Inc.,Industrials,Aerospace & Defense,5504822784
TMO,Thermo Fisher Scientific,Health Care,Life Sciences Tools & Services,135436607488
TIF,Tiffany & Co.,Consumer Discretionary,"Apparel, Accessories & Luxury Goods",15410758656
TJX,TJX Companies Inc.,Consumer Discretionary,Apparel Retail,56501641216
TSCO,Tractor Supply Company,Consumer Discretionary,Specialty Stores,12918183936
TT,Trane Technologies plc,Industrials,Building Products,18469249024
TDG,TransDigm Group,Industrials,Aerospace & Defense,17573496832
TRV,The Travelers Companies Inc.,Financials,Property & Casualty Insurance,22833618944
TFC,Truist Financial,Financials,Regional Banks,42243182592
TWTR,"Twitter, Inc.",Communication Services,Interactive Media & Services,22754240512
TSN,Tyson Foods,Consumer Staples,Packaged Foods & Meats,21207066624
UDR,"UDR, Inc.",Real Estate,Residential REITs,10250236928
ULTA,Ulta Beauty,Consumer Discretionary,Specialty Stores,11287238656
USB,U.S. Bancorp,Financials,Diversified Banks,46212980736
UAA,Under Armour Class A,Consumer Discretionary,"Apparel, Accessories & Luxury Goods",3316109568
UA,Under Armour Class C,Consumer Discretionary,"Apparel, Accessories & Luxury Goods",3316108800
UNP,Union Pacific Corp,Industrials,Railroads,102626631680
UAL,United Airlines Holdings,Industrials,Airlines,5785405440
UNH,United Health Group Inc.,Health Care,Managed Health Care,275940638720
UPS,United Parcel Service,Industrials,Air Freight & Logistics,78483972096
URI,"United Rentals, Inc.",Industrials,Trading Companies & Distributors,8542909440
UHS,"Universal Health Services, Inc.",Health Care,Health Care Facilities,7866741248
UNM,Unum Group,Financials,Life & Health Insurance,2843811584
VFC,V.F. Corp.,Consumer Discretionary,"Apparel, Accessories & Luxury Goods",20509650944
VLO,Valero Energy,Energy,Oil & Gas Refining & Marketing,23964547072
VAR,Varian Medical Systems,Health Care,Health Care Equipment,10355622912
VTR,Ventas Inc,Real Estate,Health Care REITs,10434908160
VRSN,Verisign Inc.,Information Technology,Internet Services & Infrastructure,25100847104
VRSK,Verisk Analytics,Industrials,Research & Consulting Services,25078751232
VZ,Verizon Communications,Communication Services,Integrated Telecommunication Services,226389966848
VRTX,Vertex Pharmaceuticals Inc,Health Care,Biotechnology,74850672640
VIAC,ViacomCBS,Communication Services,Movies & Entertainment,10807205888
V,Visa Inc.,Information Technology,Data Processing & Outsourced Services,403052331008
VNO,Vornado Realty Trust,Real Estate,Office REITs,6750217216
VMC,Vulcan Materials,Materials,Construction Materials,12722934784
WRB,W. R. Berkley Corporation,Financials,Property & Casualty Insurance,8530496512
WAB,Wabtec Corporation,Industrials,Construction Machinery & Heavy Trucks,9963531264
WMT,Walmart,Consumer Staples,Hypermarkets & Super Centers,356876189696
WBA,Walgreens Boots Alliance,Consumer Staples,Drug Retail,33685248000
DIS,The Walt Disney Company,Communication Services,Movies & Entertainment,196811177984
WM,Waste Management Inc.,Industrials,Environmental & Facilities Services,40484855808
WAT,Waters Corporation,Health Care,Health Care Distributors,11048226816
WEC,WEC Energy Group,Utilities,Electric Utilities,26748889088
WFC,Wells Fargo,Financials,Diversified Banks,95776006144
WELL,Welltower Inc.,Real Estate,Health Care REITs,16970522624
WDC,Western Digital,Information Technology,"Technology Hardware, Storage & Peripherals",11751275520
WU,Western Union Co,Information Technology,Data Processing & Outsourced Services,7626396672
WRK,WestRock,Materials,Paper Packaging,6276563456
WY,Weyerhaeuser,Real Estate,Specialized REITs,12931749888
WHR,Whirlpool Corp.,Consumer Discretionary,Household Appliances,6763345408
WMB,Williams Cos.,Energy,Oil & Gas Storage & Transportation,22759632896
WLTW,Willis Towers Watson,Financials,Insurance Brokers,25808992256
WYNN,Wynn Resorts Ltd,Consumer Discretionary,Casinos & Gaming,8381343232
XEL,Xcel Energy Inc,Utilities,Multi-Utilities,30402148352
XRX,Xerox,Information Technology,"Technology Hardware, Storage & Peripherals",3170602240
XLNX,Xilinx,Information Technology,Semiconductors,20238290944
XYL,Xylem Inc.,Industrials,Industrial Machinery,10469254144
YUM,Yum! Brands Inc,Consumer Discretionary,Restaurants,25553711104
ZBRA,Zebra Technologies,Information Technology,Electronic Equipment & Instruments,11563351040
ZBH,Zimmer Biomet Holdings,Health Care,Health Care Equipment,23242477568
ZION,Zions Bancorp,Financials,Regional Banks,4427551232
ZTS,Zoetis,Health Care,Pharmaceuticals,60550225920
